VarName,X,X0,Xmin,Xmax,TypicalX,ControlPointTableID,ControlPointTableRow,ControlPointTableCol
x1,0,0,-0.02,0.02,1,ControlPointXYZ,1,4
x2,0,0,-0.02,0.02,1,ControlPointXYZ,2,4
x3,0,0,-0.02,0.02,1,ControlPointXYZ,3,4
x4,0,0,-0.02,0.02,1,ControlPointXYZ,4,4
x5,0,0,-0.02,0.02,1,ControlPointXYZ,5,4
x6,0,0,-0.02,0.02,1,ControlPointXYZ,6,4
x7,0,0,-0.02,0.02,1,ControlPointXYZ,7,4
x8,0,0,-0.02,0.02,1,ControlPointXYZ,8,4
x9,0,0,-0.02,0.02,1,ControlPointXYZ,9,4
x10,0,0,-0.02,0.02,1,ControlPointXYZ,10,4
x11,0,0,-0.02,0.02,1,ControlPointXYZ,11,4
x12,0,0,-0.02,0.02,1,ControlPointXYZ,12,4
x13,0,0,-0.02,0.02,1,ControlPointXYZ,14,4
x14,0,0,-0.02,0.02,1,ControlPointXYZ,15,4
x15,0,0,-0.02,0.02,1,ControlPointXYZ,16,4
x16,0,0,-0.02,0.02,1,ControlPointXYZ,17,4
x17,0,0,-0.02,0.02,1,ControlPointXYZ,18,4
x18,0,0,-0.02,0.02,1,ControlPointXYZ,19,4
x19,0,0,-0.02,0.02,1,ControlPointXYZ,20,4
x20,0,0,-0.02,0.02,1,ControlPointXYZ,21,4
x21,0,0,-0.02,0.02,1,ControlPointXYZ,22,4
x22,0,0,-0.02,0.02,1,ControlPointXYZ,23,4
x23,0,0,-0.02,0.02,1,ControlPointXYZ,24,4
x24,0,0,-0.02,0.02,1,ControlPointXYZ,25,4
